<?xml version = '1.0' encoding = 'UTF-8'?>
<relationalModel class="oracle.dbtools.crest.model.design.relational.RelationalDesign" name="modelo fisico" id="284DAFEB-13A6-9C27-BD87-E79F7A7C1112" mainViewID="3D40CAF1-3EA1-D67B-7451-0734072D9233">
<createdBy>bruno</createdBy>
<createdTime>2023-05-11 18:59:09 UTC</createdTime>
<ownerDesignName>modelo lógico</ownerDesignName>
<shouldBeOpen>true</shouldBeOpen>
<selectedRDBMSSite>32076570-2523-435C-2E92-BF29817DFF70</selectedRDBMSSite>
</relationalModel>